{"stats":{"minecraft:mined":{"minecraft:dandelion":1,"minecraft:crafting_table":3,"biomesoplenty:bush":1,"minecraft:grass_block":5,"minecraft:chest":2,"biomesoplenty:flowering_oak_leaves":2,"minecraft:rose_bush":1,"biomesoplenty:sprout":4,"minecraft:large_fern":2,"minecraft:grass":7,"biomesoplenty:clover":1,"minecraft:oak_log":9,"minecraft:coal_ore":13,"minecraft:purple_carpet":1,"minecraft:dirt":1,"minecraft:stone":18,"minecraft:oak_leaves":1,"minecraft:fern":3},"minecraft:dropped":{"minecraft:wheat_seeds":7,"minecraft:rotten_flesh":10,"minecraft:pumpkin_seeds":4,"minecraft:stick":2,"minecraft:gunpowder":12,"minecraft:wooden_axe":1,"minecraft:beetroot_seeds":6,"biomesoplenty:flowering_oak_sapling":1,"minecraft:stone_pickaxe":1,"minecraft:wooden_pickaxe":1,"minecraft:bone":3,"minecraft:purple_carpet":1,"minecraft:dandelion":2},"minecraft:picked_up":{"minecraft:crafting_table":3,"minecraft:wheat":4,"minecraft:tripwire_hook":2,"cobblemon:yellow_apricorn":3,"minecraft:oak_log":9,"cobblemon:cyan_mint_seeds":1,"minecraft:gunpowder":9,"minecraft:music_disc_cat":1,"minecraft:string":6,"minecraft:dirt":4,"minecraft:purple_carpet":1,"minecraft:experience_bottle":23,"minecraft:bone":1,"minecraft:diamond_leggings":1,"cobblemon:black_apricorn":1,"minecraft:wheat_seeds":7,"minecraft:iron_ingot":19,"minecraft:chest":2,"minecraft:egg":1,"cobblemon:black_apricorn_seed":1,"minecraft:dandelion":3,"biomesoplenty:flowering_oak_sapling":1,"minecraft:pumpkin_seeds":4,"minecraft:rotten_flesh":10,"minecraft:beetroot_seeds":6,"minecraft:emerald":2,"minecraft:totem_of_undying":2,"minecraft:gold_ingot":21,"minecraft:bread":1,"minecraft:coal":14,"minecraft:cobblestone":13},"minecraft:crafted":{"minecraft:oak_planks":36,"minecraft:crafting_table":1,"minecraft:wooden_pickaxe":1,"minecraft:stone_axe":1,"minecraft:stick":12,"minecraft:stone_pickaxe":2,"minecraft:wooden_axe":1},"minecraft:custom":{"minecraft:mob_kills":3,"minecraft:interact_with_crafting_table":5,"minecraft:open_barrel":9,"minecraft:leave_game":1,"minecraft:time_since_death":1688,"minecraft:time_since_rest":1713,"minecraft:sprint_one_cm":155922,"minecraft:damage_taken":4751,"minecraft:walk_one_cm":71776,"minecraft:drop":22,"minecraft:damage_dealt":1630,"minecraft:swim_one_cm":7734,"minecraft:fly_one_cm":264074,"minecraft:open_chest":2,"minecraft:crouch_one_cm":3569,"minecraft:play_time":34568,"minecraft:deaths":19,"minecraft:sneak_time":1398,"minecraft:walk_under_water_one_cm":394,"minecraft:jump":1213,"minecraft:walk_on_water_one_cm":2474,"minecraft:total_world_time":34568,"minecraft:fall_one_cm":33273},"minecraft:used":{"minecraft:cooked_mutton":1,"minecraft:stone_pickaxe":20,"minecraft:oak_planks":9,"minecraft:wooden_pickaxe":13,"minecraft:dirt":4,"minecraft:crafting_table":3,"minecraft:wooden_axe":16,"minecraft:iron_boots":1,"minecraft:stone_axe":22,"minecraft:cooked_porkchop":1,"minecraft:egg":1,"minecraft:iron_leggings":1},"minecraft:killed":{"minecraft:evoker":2,"minecraft:zombie":1},"minecraft:killed_by":{"minecraft:vindicator":9,"minecraft:evoker":1,"minecraft:skeleton":1,"minecraft:creeper":1,"minecraft:zombie":3,"minecraft:vex":2,"minecraft:illusioner":1}},"DataVersion":3465}