{"stats":{"minecraft:mined":{"minecraft:smoker":2,"minecraft:stone_brick_slab":2,"minecraft:crafting_table":1,"cobblemon:apricorn_leaves":1,"minecraft:spruce_trapdoor":3,"minecraft:ladder":4,"biomesoplenty:bush":2,"minecraft:blast_furnace":4,"biomesoplenty:flowering_oak_leaves":2,"biomesoplenty:high_grass_plant":1,"minecraft:tall_grass":2,"biomesoplenty:sprout":2,"cobblemon:relic_coin_pouch":8,"minecraft:chiseled_stone_bricks":1,"minecraft:spawner":1,"cobblemon:persim_berry":1,"minecraft:grass":6,"minecraft:oak_log":4,"minecraft:cracked_stone_bricks":2,"minecraft:stone_bricks":1,"minecraft:stone":3,"minecraft:mossy_stone_bricks":2},"minecraft:dropped":{"minecraft:wheat_seeds":3,"minecraft:glass_bottle":1,"minecraft:music_disc_otherside":1,"minecraft:rotten_flesh":1,"minecraft:cracked_stone_bricks":1,"minecraft:spider_eye":1,"minecraft:wooden_pickaxe":1,"minecraft:string":1},"minecraft:picked_up":{"minecraft:crafting_table":2,"minecraft:ladder":4,"minecraft:tripwire_hook":1,"cobblemon:yellow_apricorn":6,"minecraft:smoker":2,"minecraft:oak_log":4,"minecraft:string":1,"cobblemon:white_apricorn":1,"minecraft:stone_bricks":1,"minecraft:cracked_stone_bricks":2,"cobblemon:black_apricorn":1,"minecraft:wheat_seeds":3,"cobblemon:green_apricorn":1,"cobblemon:oran_berry":15,"cobblemon:relic_coin":43,"minecraft:mossy_stone_bricks":2,"cobblemon:green_apricorn_seed":1,"minecraft:spruce_trapdoor":3,"minecraft:chiseled_stone_bricks":1,"minecraft:stone_brick_slab":2,"minecraft:porkchop":64,"cobblemon:yellow_apricorn_seed":1,"minecraft:blast_furnace":4,"cobblemon:pink_apricorn":2,"minecraft:spider_eye":1,"minecraft:arrow":2,"minecraft:rotten_flesh":1,"cobblemon:poke_ball":3,"cobblemon:blue_apricorn":4,"minecraft:cobblestone":3},"minecraft:custom":{"minecraft:mob_kills":4,"minecraft:interact_with_crafting_table":2,"minecraft:open_barrel":4,"minecraft:leave_game":1,"minecraft:time_since_death":14285,"minecraft:climb_one_cm":5042,"minecraft:time_since_rest":14314,"minecraft:sprint_one_cm":119411,"minecraft:damage_taken":1312,"minecraft:walk_one_cm":110035,"minecraft:drop":8,"minecraft:damage_dealt":986,"minecraft:play_noteblock":1,"minecraft:swim_one_cm":5452,"minecraft:fly_one_cm":209139,"minecraft:open_chest":6,"minecraft:crouch_one_cm":2125,"minecraft:play_time":34549,"minecraft:deaths":4,"minecraft:sneak_time":560,"minecraft:walk_under_water_one_cm":4248,"minecraft:jump":810,"minecraft:walk_on_water_one_cm":886,"minecraft:total_world_time":34549,"minecraft:fall_one_cm":25984},"minecraft:crafted":{"minecraft:oak_planks":16,"minecraft:crafting_table":1,"minecraft:wooden_pickaxe":1,"minecraft:stick":4,"minecraft:stone_pickaxe":1},"minecraft:used":{"minecraft:mossy_stone_bricks":2,"minecraft:stone_pickaxe":5,"minecraft:ladder":4,"farmersdelight:golden_knife":15,"minecraft:wooden_pickaxe":14,"minecraft:cracked_stone_bricks":1,"minecraft:crafting_table":2,"minecraft:spruce_trapdoor":3,"minecraft:stone_bricks":1,"minecraft:stone_axe":21,"minecraft:chiseled_stone_bricks":1,"minecraft:cooked_porkchop":5},"minecraft:killed":{"minecraft:zombie_villager":1,"minecraft:spider":1,"minecraft:skeleton":1,"minecraft:zombie":1},"minecraft:killed_by":{"minecraft:vindicator":1,"minecraft:zombie":3}},"DataVersion":3465}