{"stats":{"minecraft:dropped":{"minecraft:wheat_seeds":2,"biomesoplenty:redwood_sapling":97,"minecraft:apple":1,"minecraft:cracked_stone_bricks":1,"minecraft:string":1,"minecraft:tripwire_hook":3},"minecraft:mined":{"minecraft:air":17329,"minecraft:red_bed":1,"biomesoplenty:pink_daffodil":1,"farmersdelight:wild_carrots":1,"biomesoplenty:stripped_redwood_log":1,"cobblemon:apricorn_leaves":7,"minecraft:grass":14,"biomesoplenty:high_grass":10,"biomesoplenty:redwood_log":25,"biomesoplenty:redwood_leaves":4152,"biomesoplenty:high_grass_plant":22,"minecraft:tall_grass":3,"biomesoplenty:redwood_wood":1476,"minecraft:fern":8},"minecraft:picked_up":{"biomesoplenty:redwood_log":12,"minecraft:cooked_beef":64,"minecraft:cooked_porkchop":64,"cobblemon:yellow_apricorn":3,"biomesoplenty:stripped_redwood_log":1,"minecraft:carrot":65,"minecraft:red_bed":1,"minecraft:string":2,"minecraft:cooked_mutton":63,"minecraft:apple":64,"minecraft:cracked_stone_bricks":2,"minecraft:wheat_seeds":3,"cobblemon:black_apricorn":2,"minecraft:beef":64,"minecraft:golden_apple":1,"biomesoplenty:redwood_sapling":97,"biomesoplenty:pink_daffodil":1,"biomesoplenty:redwood_wood":954,"minecraft:mutton":64},"minecraft:crafted":{"biomesoplenty:redwood_planks":8},"minecraft:used":{"create_dd:deforester_saw":23004,"biomesoplenty:stripped_redwood_log":1,"minecraft:grass_block":12},"minecraft:custom":{"minecraft:time_since_rest":21087,"minecraft:sprint_one_cm":57636,"minecraft:damage_taken":530,"minecraft:walk_one_cm":81884,"minecraft:drop":10,"minecraft:damage_dealt":35,"minecraft:fly_one_cm":591238,"minecraft:open_chest":1,"minecraft:crouch_one_cm":3248,"minecraft:play_time":42487,"minecraft:deaths":3,"minecraft:sneak_time":706,"minecraft:walk_under_water_one_cm":3123,"minecraft:jump":425,"minecraft:leave_game":1,"minecraft:time_since_death":21062,"minecraft:walk_on_water_one_cm":1988,"minecraft:total_world_time":42487,"minecraft:fall_one_cm":7547},"minecraft:killed_by":{"minecraft:creeper":1,"minecraft:zombie":1}},"DataVersion":3465}